<?xml version="1.0"?>
<entradas><entrada fecha="20170601"><horario hora="1100" plazas="150"/><horario hora="1200" plazas="150"/><horario hora="1300" plazas="150"/><horario hora="1400" plazas="150"/><horario hora="1500" plazas="150"/></entrada><entrada fecha="20170602"><horario hora="1100" plazas="150"/><horario hora="1200" plazas="150"/><horario hora="1300" plazas="150"/><horario hora="1400" plazas="150"/><horario hora="1500" plazas="150"/></entrada><entrada fecha="20170603"><horario hora="1000" plazas="180"/><horario hora="1100" plazas="180"/><horario hora="1200" plazas="180"/><horario hora="1300" plazas="180"/><horario hora="1400" plazas="180"/><horario hora="1500" plazas="180"/><horario hora="1600" plazas="180"/></entrada><entrada fecha="20170604"><horario hora="1000" plazas="180"/><horario hora="1100" plazas="180"/><horario hora="1200" plazas="180"/><horario hora="1300" plazas="180"/><horario hora="1400" plazas="180"/><horario hora="1500" plazas="180"/><horario hora="1600" plazas="180"/></entrada><entrada fecha="20170606"><horario hora="1100" plazas="150"/><horario hora="1200" plazas="150"/><horario hora="1300" plazas="150"/><horario hora="1400" plazas="150"/><horario hora="1500" plazas="150"/></entrada><entrada fecha="20170607"><horario hora="1100" plazas="150"/><horario hora="1200" plazas="150"/><horario hora="1300" plazas="150"/><horario hora="1400" plazas="150"/><horario hora="1500" plazas="150"/></entrada><entrada fecha="20170608"><horario hora="1100" plazas="150"/><horario hora="1200" plazas="150"/><horario hora="1300" plazas="150"/><horario hora="1400" plazas="150"/><horario hora="1500" plazas="150"/></entrada><entrada fecha="20170609"><horario hora="1100" plazas="150"/><horario hora="1200" plazas="150"/><horario hora="1300" plazas="150"/><horario hora="1400" plazas="150"/><horario hora="1500" plazas="150"/></entrada><entrada fecha="20170610"><horario hora="1000" plazas="180"/><horario hora="1100" plazas="180"/><horario hora="1200" plazas="180"/><horario hora="1300" plazas="180"/><horario hora="1400" plazas="180"/><horario hora="1500" plazas="180"/><horario hora="1600" plazas="180"/></entrada><entrada fecha="20170611"><horario hora="1000" plazas="180"/><horario hora="1100" plazas="180"/><horario hora="1200" plazas="180"/><horario hora="1300" plazas="180"/><horario hora="1400" plazas="180"/><horario hora="1500" plazas="180"/><horario hora="1600" plazas="180"/></entrada><entrada fecha="20170613"><horario hora="1100" plazas="150"/><horario hora="1200" plazas="150"/><horario hora="1300" plazas="150"/><horario hora="1400" plazas="150"/><horario hora="1500" plazas="150"/></entrada><entrada fecha="20170614"><horario hora="1100" plazas="150"/><horario hora="1200" plazas="150"/><horario hora="1300" plazas="150"/><horario hora="1400" plazas="150"/><horario hora="1500" plazas="150"/></entrada><entrada fecha="20170615"><horario hora="1100" plazas="150"/><horario hora="1200" plazas="150"/><horario hora="1300" plazas="150"/><horario hora="1400" plazas="150"/><horario hora="1500" plazas="150"/></entrada><entrada fecha="20170616"><horario hora="1100" plazas="150"/><horario hora="1200" plazas="150"/><horario hora="1300" plazas="150"/><horario hora="1400" plazas="150"/><horario hora="1500" plazas="150"/></entrada><entrada fecha="20170617"><horario hora="1000" plazas="180"/><horario hora="1100" plazas="180"/><horario hora="1200" plazas="180"/><horario hora="1300" plazas="180"/><horario hora="1400" plazas="180"/><horario hora="1500" plazas="180"/><horario hora="1600" plazas="180"/></entrada><entrada fecha="20170618"><horario hora="1000" plazas="180"/><horario hora="1100" plazas="180"/><horario hora="1200" plazas="180"/><horario hora="1300" plazas="180"/><horario hora="1400" plazas="180"/><horario hora="1500" plazas="180"/><horario hora="1600" plazas="180"/></entrada><entrada fecha="20170620"><horario hora="1100" plazas="150"/><horario hora="1200" plazas="150"/><horario hora="1300" plazas="150"/><horario hora="1400" plazas="150"/><horario hora="1500" plazas="150"/></entrada><entrada fecha="20170621"><horario hora="1100" plazas="150"/><horario hora="1200" plazas="150"/><horario hora="1300" plazas="150"/><horario hora="1400" plazas="150"/><horario hora="1500" plazas="150"/></entrada><entrada fecha="20170622"><horario hora="1100" plazas="150"/><horario hora="1200" plazas="150"/><horario hora="1300" plazas="150"/><horario hora="1400" plazas="150"/><horario hora="1500" plazas="150"/></entrada><entrada fecha="20170623"><horario hora="1100" plazas="150"/><horario hora="1200" plazas="150"/><horario hora="1300" plazas="150"/><horario hora="1400" plazas="150"/><horario hora="1500" plazas="150"/></entrada><entrada fecha="20170624"><horario hora="1000" plazas="180"/><horario hora="1100" plazas="180"/><horario hora="1200" plazas="180"/><horario hora="1300" plazas="180"/><horario hora="1400" plazas="180"/><horario hora="1500" plazas="180"/><horario hora="1600" plazas="180"/></entrada><entrada fecha="20170625"><horario hora="1000" plazas="180"/><horario hora="1100" plazas="180"/><horario hora="1200" plazas="180"/><horario hora="1300" plazas="180"/><horario hora="1400" plazas="180"/><horario hora="1500" plazas="180"/><horario hora="1600" plazas="180"/></entrada><entrada fecha="20170627"><horario hora="1100" plazas="150"/><horario hora="1200" plazas="150"/><horario hora="1300" plazas="150"/><horario hora="1400" plazas="150"/><horario hora="1500" plazas="150"/></entrada><entrada fecha="20170628"><horario hora="1100" plazas="150"/><horario hora="1200" plazas="150"/><horario hora="1300" plazas="150"/><horario hora="1400" plazas="150"/><horario hora="1500" plazas="150"/></entrada><entrada fecha="20170629"><horario hora="1100" plazas="150"/><horario hora="1200" plazas="150"/><horario hora="1300" plazas="150"/><horario hora="1400" plazas="150"/><horario hora="1500" plazas="150"/></entrada><entrada fecha="20170630"><horario hora="1100" plazas="150"/><horario hora="1200" plazas="150"/><horario hora="1300" plazas="150"/><horario hora="1400" plazas="150"/><horario hora="1500" plazas="150"/></entrada><entrada fecha="20170701"><horario hora="1000" plazas="180"/><horario hora="1100" plazas="180"/><horario hora="1200" plazas="180"/><horario hora="1300" plazas="180"/><horario hora="1400" plazas="180"/><horario hora="1500" plazas="180"/><horario hora="1600" plazas="180"/></entrada><entrada fecha="20170702"><horario hora="1000" plazas="180"/><horario hora="1100" plazas="180"/><horario hora="1200" plazas="180"/><horario hora="1300" plazas="180"/><horario hora="1400" plazas="180"/><horario hora="1500" plazas="180"/><horario hora="1600" plazas="180"/></entrada><entrada fecha="20170704"><horario hora="1100" plazas="150"/><horario hora="1200" plazas="150"/><horario hora="1300" plazas="150"/><horario hora="1400" plazas="150"/><horario hora="1500" plazas="150"/></entrada><entrada fecha="20170705"><horario hora="1100" plazas="150"/><horario hora="1200" plazas="150"/><horario hora="1300" plazas="150"/><horario hora="1400" plazas="150"/><horario hora="1500" plazas="150"/></entrada><entrada fecha="20170706"><horario hora="1100" plazas="150"/><horario hora="1200" plazas="150"/><horario hora="1300" plazas="150"/><horario hora="1400" plazas="150"/><horario hora="1500" plazas="150"/></entrada><entrada fecha="20170707"><horario hora="1100" plazas="150"/><horario hora="1200" plazas="150"/><horario hora="1300" plazas="150"/><horario hora="1400" plazas="150"/><horario hora="1500" plazas="150"/></entrada><entrada fecha="20170708"><horario hora="1000" plazas="180"/><horario hora="1100" plazas="180"/><horario hora="1200" plazas="180"/><horario hora="1300" plazas="180"/><horario hora="1400" plazas="180"/><horario hora="1500" plazas="180"/><horario hora="1600" plazas="180"/></entrada><entrada fecha="20170709"><horario hora="1000" plazas="180"/><horario hora="1100" plazas="180"/><horario hora="1200" plazas="180"/><horario hora="1300" plazas="180"/><horario hora="1400" plazas="180"/><horario hora="1500" plazas="180"/><horario hora="1600" plazas="180"/></entrada><entrada fecha="20170711"><horario hora="1100" plazas="150"/><horario hora="1200" plazas="150"/><horario hora="1300" plazas="150"/><horario hora="1400" plazas="150"/><horario hora="1500" plazas="150"/></entrada><entrada fecha="20170712"><horario hora="1100" plazas="150"/><horario hora="1200" plazas="150"/><horario hora="1300" plazas="150"/><horario hora="1400" plazas="150"/><horario hora="1500" plazas="150"/></entrada><entrada fecha="20170713"><horario hora="1100" plazas="150"/><horario hora="1200" plazas="150"/><horario hora="1300" plazas="150"/><horario hora="1400" plazas="150"/><horario hora="1500" plazas="150"/></entrada><entrada fecha="20170714"><horario hora="1100" plazas="150"/><horario hora="1200" plazas="150"/><horario hora="1300" plazas="150"/><horario hora="1400" plazas="150"/><horario hora="1500" plazas="150"/></entrada><entrada fecha="20170715"><horario hora="1000" plazas="180"/><horario hora="1100" plazas="180"/><horario hora="1200" plazas="180"/><horario hora="1300" plazas="180"/><horario hora="1400" plazas="180"/><horario hora="1500" plazas="180"/><horario hora="1600" plazas="180"/></entrada><entrada fecha="20170716"><horario hora="1000" plazas="180"/><horario hora="1100" plazas="180"/><horario hora="1200" plazas="180"/><horario hora="1300" plazas="180"/><horario hora="1400" plazas="180"/><horario hora="1500" plazas="180"/><horario hora="1600" plazas="180"/></entrada><entrada fecha="20170718"><horario hora="1100" plazas="150"/><horario hora="1200" plazas="150"/><horario hora="1300" plazas="150"/><horario hora="1400" plazas="150"/><horario hora="1500" plazas="150"/></entrada><entrada fecha="20170719"><horario hora="1100" plazas="150"/><horario hora="1200" plazas="150"/><horario hora="1300" plazas="150"/><horario hora="1400" plazas="150"/><horario hora="1500" plazas="150"/></entrada><entrada fecha="20170720"><horario hora="1100" plazas="150"/><horario hora="1200" plazas="150"/><horario hora="1300" plazas="150"/><horario hora="1400" plazas="150"/><horario hora="1500" plazas="150"/></entrada><entrada fecha="20170721"><horario hora="1100" plazas="150"/><horario hora="1200" plazas="150"/><horario hora="1300" plazas="150"/><horario hora="1400" plazas="150"/><horario hora="1500" plazas="150"/></entrada><entrada fecha="20170722"><horario hora="1000" plazas="180"/><horario hora="1100" plazas="180"/><horario hora="1200" plazas="180"/><horario hora="1300" plazas="180"/><horario hora="1400" plazas="180"/><horario hora="1500" plazas="180"/><horario hora="1600" plazas="180"/></entrada><entrada fecha="20170723"><horario hora="1000" plazas="180"/><horario hora="1100" plazas="180"/><horario hora="1200" plazas="180"/><horario hora="1300" plazas="180"/><horario hora="1400" plazas="180"/><horario hora="1500" plazas="180"/><horario hora="1600" plazas="180"/></entrada><entrada fecha="20170725"><horario hora="1100" plazas="150"/><horario hora="1200" plazas="150"/><horario hora="1300" plazas="150"/><horario hora="1400" plazas="150"/><horario hora="1500" plazas="150"/></entrada><entrada fecha="20170726"><horario hora="1100" plazas="150"/><horario hora="1200" plazas="150"/><horario hora="1300" plazas="150"/><horario hora="1400" plazas="150"/><horario hora="1500" plazas="150"/></entrada><entrada fecha="20170727"><horario hora="1100" plazas="150"/><horario hora="1200" plazas="150"/><horario hora="1300" plazas="150"/><horario hora="1400" plazas="150"/><horario hora="1500" plazas="150"/></entrada><entrada fecha="20170728"><horario hora="1100" plazas="150"/><horario hora="1200" plazas="150"/><horario hora="1300" plazas="150"/><horario hora="1400" plazas="150"/><horario hora="1500" plazas="150"/></entrada><entrada fecha="20170729"><horario hora="1000" plazas="180"/><horario hora="1100" plazas="180"/><horario hora="1200" plazas="180"/><horario hora="1300" plazas="180"/><horario hora="1400" plazas="180"/><horario hora="1500" plazas="180"/><horario hora="1600" plazas="180"/></entrada><entrada fecha="20170730"><horario hora="1000" plazas="180"/><horario hora="1100" plazas="180"/><horario hora="1200" plazas="180"/><horario hora="1300" plazas="180"/><horario hora="1400" plazas="180"/><horario hora="1500" plazas="180"/><horario hora="1600" plazas="180"/></entrada><entrada fecha="20170801"><horario hora="1100" plazas="150"/><horario hora="1200" plazas="150"/><horario hora="1300" plazas="150"/><horario hora="1400" plazas="150"/><horario hora="1500" plazas="150"/></entrada><entrada fecha="20170802"><horario hora="1100" plazas="150"/><horario hora="1200" plazas="150"/><horario hora="1300" plazas="150"/><horario hora="1400" plazas="150"/><horario hora="1500" plazas="150"/></entrada><entrada fecha="20170803"><horario hora="1100" plazas="150"/><horario hora="1200" plazas="150"/><horario hora="1300" plazas="150"/><horario hora="1400" plazas="150"/><horario hora="1500" plazas="150"/></entrada><entrada fecha="20170804"><horario hora="1100" plazas="150"/><horario hora="1200" plazas="150"/><horario hora="1300" plazas="150"/><horario hora="1400" plazas="150"/><horario hora="1500" plazas="150"/></entrada><entrada fecha="20170805"><horario hora="1000" plazas="180"/><horario hora="1100" plazas="180"/><horario hora="1200" plazas="180"/><horario hora="1300" plazas="180"/><horario hora="1400" plazas="180"/><horario hora="1500" plazas="180"/><horario hora="1600" plazas="180"/></entrada><entrada fecha="20170806"><horario hora="1000" plazas="180"/><horario hora="1100" plazas="180"/><horario hora="1200" plazas="180"/><horario hora="1300" plazas="180"/><horario hora="1400" plazas="180"/><horario hora="1500" plazas="180"/><horario hora="1600" plazas="180"/></entrada><entrada fecha="20170808"><horario hora="1100" plazas="150"/><horario hora="1200" plazas="150"/><horario hora="1300" plazas="150"/><horario hora="1400" plazas="150"/><horario hora="1500" plazas="150"/></entrada><entrada fecha="20170809"><horario hora="1100" plazas="150"/><horario hora="1200" plazas="150"/><horario hora="1300" plazas="150"/><horario hora="1400" plazas="150"/><horario hora="1500" plazas="150"/></entrada><entrada fecha="20170810"><horario hora="1100" plazas="150"/><horario hora="1200" plazas="150"/><horario hora="1300" plazas="150"/><horario hora="1400" plazas="150"/><horario hora="1500" plazas="150"/></entrada><entrada fecha="20170811"><horario hora="1100" plazas="150"/><horario hora="1200" plazas="150"/><horario hora="1300" plazas="150"/><horario hora="1400" plazas="150"/><horario hora="1500" plazas="150"/></entrada><entrada fecha="20170812"><horario hora="1000" plazas="180"/><horario hora="1100" plazas="180"/><horario hora="1200" plazas="180"/><horario hora="1300" plazas="180"/><horario hora="1400" plazas="180"/><horario hora="1500" plazas="180"/><horario hora="1600" plazas="180"/></entrada><entrada fecha="20170813"><horario hora="1000" plazas="180"/><horario hora="1100" plazas="180"/><horario hora="1200" plazas="180"/><horario hora="1300" plazas="180"/><horario hora="1400" plazas="180"/><horario hora="1500" plazas="180"/><horario hora="1600" plazas="180"/></entrada><entrada fecha="20170815"><horario hora="1100" plazas="150"/><horario hora="1200" plazas="150"/><horario hora="1300" plazas="150"/><horario hora="1400" plazas="150"/><horario hora="1500" plazas="150"/></entrada><entrada fecha="20170816"><horario hora="1100" plazas="150"/><horario hora="1200" plazas="150"/><horario hora="1300" plazas="150"/><horario hora="1400" plazas="150"/><horario hora="1500" plazas="150"/></entrada><entrada fecha="20170817"><horario hora="1100" plazas="150"/><horario hora="1200" plazas="150"/><horario hora="1300" plazas="150"/><horario hora="1400" plazas="150"/><horario hora="1500" plazas="150"/></entrada><entrada fecha="20170818"><horario hora="1100" plazas="150"/><horario hora="1200" plazas="150"/><horario hora="1300" plazas="150"/><horario hora="1400" plazas="150"/><horario hora="1500" plazas="150"/></entrada><entrada fecha="20170819"><horario hora="1000" plazas="180"/><horario hora="1100" plazas="180"/><horario hora="1200" plazas="180"/><horario hora="1300" plazas="180"/><horario hora="1400" plazas="180"/><horario hora="1500" plazas="180"/><horario hora="1600" plazas="180"/></entrada><entrada fecha="20170820"><horario hora="1000" plazas="180"/><horario hora="1100" plazas="180"/><horario hora="1200" plazas="180"/><horario hora="1300" plazas="180"/><horario hora="1400" plazas="180"/><horario hora="1500" plazas="180"/><horario hora="1600" plazas="180"/></entrada><entrada fecha="20170822"><horario hora="1100" plazas="150"/><horario hora="1200" plazas="150"/><horario hora="1300" plazas="150"/><horario hora="1400" plazas="150"/><horario hora="1500" plazas="150"/></entrada><entrada fecha="20170823"><horario hora="1100" plazas="150"/><horario hora="1200" plazas="150"/><horario hora="1300" plazas="150"/><horario hora="1400" plazas="150"/><horario hora="1500" plazas="150"/></entrada><entrada fecha="20170824"><horario hora="1100" plazas="150"/><horario hora="1200" plazas="150"/><horario hora="1300" plazas="150"/><horario hora="1400" plazas="150"/><horario hora="1500" plazas="150"/></entrada><entrada fecha="20170825"><horario hora="1100" plazas="150"/><horario hora="1200" plazas="150"/><horario hora="1300" plazas="150"/><horario hora="1400" plazas="150"/><horario hora="1500" plazas="150"/></entrada><entrada fecha="20170826"><horario hora="1000" plazas="180"/><horario hora="1100" plazas="180"/><horario hora="1200" plazas="180"/><horario hora="1300" plazas="180"/><horario hora="1400" plazas="180"/><horario hora="1500" plazas="180"/><horario hora="1600" plazas="180"/></entrada><entrada fecha="20170827"><horario hora="1000" plazas="180"/><horario hora="1100" plazas="180"/><horario hora="1200" plazas="180"/><horario hora="1300" plazas="180"/><horario hora="1400" plazas="180"/><horario hora="1500" plazas="180"/><horario hora="1600" plazas="180"/></entrada><entrada fecha="20170829"><horario hora="1100" plazas="150"/><horario hora="1200" plazas="150"/><horario hora="1300" plazas="150"/><horario hora="1400" plazas="150"/><horario hora="1500" plazas="150"/></entrada><entrada fecha="20170830"><horario hora="1100" plazas="150"/><horario hora="1200" plazas="150"/><horario hora="1300" plazas="150"/><horario hora="1400" plazas="150"/><horario hora="1500" plazas="150"/></entrada><entrada fecha="20170831"><horario hora="1100" plazas="150"/><horario hora="1200" plazas="150"/><horario hora="1300" plazas="150"/><horario hora="1400" plazas="150"/><horario hora="1500" plazas="150"/></entrada><entrada fecha="20170901"><horario hora="1100" plazas="150"/><horario hora="1200" plazas="150"/><horario hora="1300" plazas="150"/><horario hora="1400" plazas="150"/><horario hora="1500" plazas="150"/></entrada><entrada fecha="20170902"><horario hora="1000" plazas="180"/><horario hora="1100" plazas="180"/><horario hora="1200" plazas="180"/><horario hora="1300" plazas="180"/><horario hora="1400" plazas="180"/><horario hora="1500" plazas="180"/><horario hora="1600" plazas="180"/></entrada><entrada fecha="20170903"><horario hora="1000" plazas="180"/><horario hora="1100" plazas="180"/><horario hora="1200" plazas="180"/><horario hora="1300" plazas="180"/><horario hora="1400" plazas="180"/><horario hora="1500" plazas="180"/><horario hora="1600" plazas="180"/></entrada><entrada fecha="20170905"><horario hora="1100" plazas="150"/><horario hora="1200" plazas="150"/><horario hora="1300" plazas="150"/><horario hora="1400" plazas="150"/><horario hora="1500" plazas="150"/></entrada><entrada fecha="20170906"><horario hora="1100" plazas="150"/><horario hora="1200" plazas="150"/><horario hora="1300" plazas="150"/><horario hora="1400" plazas="150"/><horario hora="1500" plazas="150"/></entrada><entrada fecha="20170907"><horario hora="1100" plazas="150"/><horario hora="1200" plazas="150"/><horario hora="1300" plazas="150"/><horario hora="1400" plazas="150"/><horario hora="1500" plazas="150"/></entrada><entrada fecha="20170908"><horario hora="1100" plazas="150"/><horario hora="1200" plazas="150"/><horario hora="1300" plazas="150"/><horario hora="1400" plazas="150"/><horario hora="1500" plazas="150"/></entrada><entrada fecha="20170909"><horario hora="1000" plazas="180"/><horario hora="1100" plazas="180"/><horario hora="1200" plazas="180"/><horario hora="1300" plazas="180"/><horario hora="1400" plazas="180"/><horario hora="1500" plazas="180"/><horario hora="1600" plazas="180"/></entrada><entrada fecha="20170910"><horario hora="1000" plazas="180"/><horario hora="1100" plazas="180"/><horario hora="1200" plazas="180"/><horario hora="1300" plazas="180"/><horario hora="1400" plazas="180"/><horario hora="1500" plazas="180"/><horario hora="1600" plazas="180"/></entrada><entrada fecha="20170912"><horario hora="1100" plazas="150"/><horario hora="1200" plazas="150"/><horario hora="1300" plazas="150"/><horario hora="1400" plazas="150"/><horario hora="1500" plazas="150"/></entrada><entrada fecha="20170913"><horario hora="1100" plazas="150"/><horario hora="1200" plazas="150"/><horario hora="1300" plazas="150"/><horario hora="1400" plazas="150"/><horario hora="1500" plazas="150"/></entrada><entrada fecha="20170914"><horario hora="1100" plazas="150"/><horario hora="1200" plazas="150"/><horario hora="1300" plazas="150"/><horario hora="1400" plazas="150"/><horario hora="1500" plazas="150"/></entrada><entrada fecha="20170915"><horario hora="1100" plazas="150"/><horario hora="1200" plazas="150"/><horario hora="1300" plazas="150"/><horario hora="1400" plazas="150"/><horario hora="1500" plazas="150"/></entrada><entrada fecha="20170916"><horario hora="1000" plazas="180"/><horario hora="1100" plazas="180"/><horario hora="1200" plazas="180"/><horario hora="1300" plazas="180"/><horario hora="1400" plazas="180"/><horario hora="1500" plazas="180"/><horario hora="1600" plazas="180"/></entrada><entrada fecha="20170917"><horario hora="1000" plazas="180"/><horario hora="1100" plazas="180"/><horario hora="1200" plazas="180"/><horario hora="1300" plazas="180"/><horario hora="1400" plazas="180"/><horario hora="1500" plazas="180"/><horario hora="1600" plazas="180"/></entrada><entrada fecha="20170919"><horario hora="1100" plazas="150"/><horario hora="1200" plazas="150"/><horario hora="1300" plazas="150"/><horario hora="1400" plazas="150"/><horario hora="1500" plazas="150"/></entrada><entrada fecha="20170920"><horario hora="1100" plazas="150"/><horario hora="1200" plazas="150"/><horario hora="1300" plazas="150"/><horario hora="1400" plazas="150"/><horario hora="1500" plazas="150"/></entrada><entrada fecha="20170921"><horario hora="1100" plazas="150"/><horario hora="1200" plazas="150"/><horario hora="1300" plazas="150"/><horario hora="1400" plazas="150"/><horario hora="1500" plazas="150"/></entrada><entrada fecha="20170922"><horario hora="1100" plazas="150"/><horario hora="1200" plazas="150"/><horario hora="1300" plazas="150"/><horario hora="1400" plazas="150"/><horario hora="1500" plazas="150"/></entrada><entrada fecha="20170923"><horario hora="1000" plazas="180"/><horario hora="1100" plazas="180"/><horario hora="1200" plazas="180"/><horario hora="1300" plazas="180"/><horario hora="1400" plazas="180"/><horario hora="1500" plazas="180"/><horario hora="1600" plazas="180"/></entrada><entrada fecha="20170924"><horario hora="1000" plazas="180"/><horario hora="1100" plazas="180"/><horario hora="1200" plazas="180"/><horario hora="1300" plazas="180"/><horario hora="1400" plazas="180"/><horario hora="1500" plazas="180"/><horario hora="1600" plazas="180"/></entrada><entrada fecha="20170926"><horario hora="1100" plazas="150"/><horario hora="1200" plazas="150"/><horario hora="1300" plazas="150"/><horario hora="1400" plazas="150"/><horario hora="1500" plazas="150"/></entrada><entrada fecha="20170927"><horario hora="1100" plazas="150"/><horario hora="1200" plazas="150"/><horario hora="1300" plazas="150"/><horario hora="1400" plazas="150"/><horario hora="1500" plazas="150"/></entrada><entrada fecha="20170928"><horario hora="1100" plazas="150"/><horario hora="1200" plazas="150"/><horario hora="1300" plazas="150"/><horario hora="1400" plazas="150"/><horario hora="1500" plazas="150"/></entrada><entrada fecha="20170929"><horario hora="1100" plazas="150"/><horario hora="1200" plazas="150"/><horario hora="1300" plazas="150"/><horario hora="1400" plazas="150"/><horario hora="1500" plazas="150"/></entrada><entrada fecha="20170930"><horario hora="1000" plazas="180"/><horario hora="1100" plazas="180"/><horario hora="1200" plazas="180"/><horario hora="1300" plazas="180"/><horario hora="1400" plazas="180"/><horario hora="1500" plazas="180"/><horario hora="1600" plazas="180"/></entrada><entrada fecha="20171001"><horario hora="1000" plazas="180"/><horario hora="1100" plazas="180"/><horario hora="1200" plazas="180"/><horario hora="1300" plazas="180"/><horario hora="1400" plazas="180"/><horario hora="1500" plazas="180"/><horario hora="1600" plazas="180"/></entrada><entrada fecha="20171003"><horario hora="1100" plazas="150"/><horario hora="1200" plazas="150"/><horario hora="1300" plazas="150"/><horario hora="1400" plazas="150"/><horario hora="1500" plazas="150"/></entrada><entrada fecha="20171004"><horario hora="1100" plazas="150"/><horario hora="1200" plazas="150"/><horario hora="1300" plazas="150"/><horario hora="1400" plazas="150"/><horario hora="1500" plazas="150"/></entrada><entrada fecha="20171005"><horario hora="1100" plazas="150"/><horario hora="1200" plazas="150"/><horario hora="1300" plazas="150"/><horario hora="1400" plazas="150"/><horario hora="1500" plazas="150"/></entrada><entrada fecha="20171006"><horario hora="1100" plazas="150"/><horario hora="1200" plazas="150"/><horario hora="1300" plazas="150"/><horario hora="1400" plazas="150"/><horario hora="1500" plazas="150"/></entrada><entrada fecha="20171007"><horario hora="1000" plazas="180"/><horario hora="1100" plazas="180"/><horario hora="1200" plazas="180"/><horario hora="1300" plazas="180"/><horario hora="1400" plazas="180"/><horario hora="1500" plazas="180"/><horario hora="1600" plazas="180"/></entrada><entrada fecha="20171008"><horario hora="1000" plazas="180"/><horario hora="1100" plazas="180"/><horario hora="1200" plazas="180"/><horario hora="1300" plazas="180"/><horario hora="1400" plazas="180"/><horario hora="1500" plazas="180"/><horario hora="1600" plazas="180"/></entrada><entrada fecha="20171010"><horario hora="1100" plazas="150"/><horario hora="1200" plazas="150"/><horario hora="1300" plazas="150"/><horario hora="1400" plazas="150"/><horario hora="1500" plazas="150"/></entrada><entrada fecha="20171011"><horario hora="1100" plazas="150"/><horario hora="1200" plazas="150"/><horario hora="1300" plazas="150"/><horario hora="1400" plazas="150"/><horario hora="1500" plazas="150"/></entrada><entrada fecha="20171012"><horario hora="1100" plazas="150"/><horario hora="1200" plazas="150"/><horario hora="1300" plazas="150"/><horario hora="1400" plazas="150"/><horario hora="1500" plazas="150"/></entrada><entrada fecha="20171013"><horario hora="1100" plazas="150"/><horario hora="1200" plazas="150"/><horario hora="1300" plazas="150"/><horario hora="1400" plazas="150"/><horario hora="1500" plazas="150"/></entrada><entrada fecha="20171014"><horario hora="1000" plazas="180"/><horario hora="1100" plazas="180"/><horario hora="1200" plazas="180"/><horario hora="1300" plazas="180"/><horario hora="1400" plazas="180"/><horario hora="1500" plazas="180"/><horario hora="1600" plazas="180"/></entrada><entrada fecha="20171015"><horario hora="1000" plazas="180"/><horario hora="1100" plazas="180"/><horario hora="1200" plazas="180"/><horario hora="1300" plazas="180"/><horario hora="1400" plazas="180"/><horario hora="1500" plazas="180"/><horario hora="1600" plazas="180"/></entrada><entrada fecha="20171017"><horario hora="1100" plazas="150"/><horario hora="1200" plazas="150"/><horario hora="1300" plazas="150"/><horario hora="1400" plazas="150"/><horario hora="1500" plazas="150"/></entrada><entrada fecha="20171018"><horario hora="1100" plazas="150"/><horario hora="1200" plazas="150"/><horario hora="1300" plazas="150"/><horario hora="1400" plazas="150"/><horario hora="1500" plazas="150"/></entrada><entrada fecha="20171019"><horario hora="1100" plazas="150"/><horario hora="1200" plazas="150"/><horario hora="1300" plazas="150"/><horario hora="1400" plazas="150"/><horario hora="1500" plazas="150"/></entrada><entrada fecha="20171020"><horario hora="1100" plazas="150"/><horario hora="1200" plazas="150"/><horario hora="1300" plazas="150"/><horario hora="1400" plazas="150"/><horario hora="1500" plazas="150"/></entrada><entrada fecha="20171021"><horario hora="1000" plazas="180"/><horario hora="1100" plazas="180"/><horario hora="1200" plazas="180"/><horario hora="1300" plazas="180"/><horario hora="1400" plazas="180"/><horario hora="1500" plazas="180"/><horario hora="1600" plazas="180"/></entrada><entrada fecha="20171022"><horario hora="1000" plazas="180"/><horario hora="1100" plazas="180"/><horario hora="1200" plazas="180"/><horario hora="1300" plazas="180"/><horario hora="1400" plazas="180"/><horario hora="1500" plazas="180"/><horario hora="1600" plazas="180"/></entrada><entrada fecha="20171024"><horario hora="1100" plazas="150"/><horario hora="1200" plazas="150"/><horario hora="1300" plazas="150"/><horario hora="1400" plazas="150"/><horario hora="1500" plazas="150"/></entrada><entrada fecha="20171025"><horario hora="1100" plazas="150"/><horario hora="1200" plazas="150"/><horario hora="1300" plazas="150"/><horario hora="1400" plazas="150"/><horario hora="1500" plazas="150"/></entrada><entrada fecha="20171026"><horario hora="1100" plazas="150"/><horario hora="1200" plazas="150"/><horario hora="1300" plazas="150"/><horario hora="1400" plazas="150"/><horario hora="1500" plazas="150"/></entrada><entrada fecha="20171027"><horario hora="1100" plazas="150"/><horario hora="1200" plazas="150"/><horario hora="1300" plazas="150"/><horario hora="1400" plazas="150"/><horario hora="1500" plazas="150"/></entrada><entrada fecha="20171028"><horario hora="1000" plazas="180"/><horario hora="1100" plazas="180"/><horario hora="1200" plazas="180"/><horario hora="1300" plazas="180"/><horario hora="1400" plazas="180"/><horario hora="1500" plazas="180"/><horario hora="1600" plazas="180"/></entrada><entrada fecha="20171029"><horario hora="1000" plazas="180"/><horario hora="1100" plazas="180"/><horario hora="1200" plazas="180"/><horario hora="1300" plazas="180"/><horario hora="1400" plazas="180"/><horario hora="1500" plazas="180"/><horario hora="1600" plazas="180"/></entrada><entrada fecha="20171031"><horario hora="1100" plazas="150"/><horario hora="1200" plazas="150"/><horario hora="1300" plazas="150"/><horario hora="1400" plazas="150"/><horario hora="1500" plazas="150"/></entrada><entrada fecha="20171101"><horario hora="1100" plazas="150"/><horario hora="1200" plazas="150"/><horario hora="1300" plazas="150"/><horario hora="1400" plazas="150"/><horario hora="1500" plazas="150"/></entrada><entrada fecha="20171102"><horario hora="1100" plazas="150"/><horario hora="1200" plazas="150"/><horario hora="1300" plazas="150"/><horario hora="1400" plazas="150"/><horario hora="1500" plazas="150"/></entrada><entrada fecha="20171103"><horario hora="1100" plazas="150"/><horario hora="1200" plazas="150"/><horario hora="1300" plazas="150"/><horario hora="1400" plazas="150"/><horario hora="1500" plazas="150"/></entrada><entrada fecha="20171104"><horario hora="1000" plazas="180"/><horario hora="1100" plazas="180"/><horario hora="1200" plazas="180"/><horario hora="1300" plazas="180"/><horario hora="1400" plazas="180"/><horario hora="1500" plazas="180"/><horario hora="1600" plazas="180"/></entrada><entrada fecha="20171105"><horario hora="1000" plazas="180"/><horario hora="1100" plazas="180"/><horario hora="1200" plazas="180"/><horario hora="1300" plazas="180"/><horario hora="1400" plazas="180"/><horario hora="1500" plazas="180"/><horario hora="1600" plazas="180"/></entrada><entrada fecha="20171107"><horario hora="1100" plazas="150"/><horario hora="1200" plazas="150"/><horario hora="1300" plazas="150"/><horario hora="1400" plazas="150"/><horario hora="1500" plazas="150"/></entrada><entrada fecha="20171108"><horario hora="1100" plazas="150"/><horario hora="1200" plazas="150"/><horario hora="1300" plazas="150"/><horario hora="1400" plazas="150"/><horario hora="1500" plazas="150"/></entrada><entrada fecha="20171109"><horario hora="1100" plazas="150"/><horario hora="1200" plazas="150"/><horario hora="1300" plazas="150"/><horario hora="1400" plazas="150"/><horario hora="1500" plazas="150"/></entrada><entrada fecha="20171110"><horario hora="1100" plazas="150"/><horario hora="1200" plazas="150"/><horario hora="1300" plazas="150"/><horario hora="1400" plazas="150"/><horario hora="1500" plazas="150"/></entrada><entrada fecha="20171111"><horario hora="1000" plazas="180"/><horario hora="1100" plazas="180"/><horario hora="1200" plazas="180"/><horario hora="1300" plazas="180"/><horario hora="1400" plazas="180"/><horario hora="1500" plazas="180"/><horario hora="1600" plazas="180"/></entrada><entrada fecha="20171112"><horario hora="1000" plazas="180"/><horario hora="1100" plazas="180"/><horario hora="1200" plazas="180"/><horario hora="1300" plazas="180"/><horario hora="1400" plazas="180"/><horario hora="1500" plazas="180"/><horario hora="1600" plazas="180"/></entrada><entrada fecha="20171114"><horario hora="1100" plazas="150"/><horario hora="1200" plazas="150"/><horario hora="1300" plazas="150"/><horario hora="1400" plazas="150"/><horario hora="1500" plazas="150"/></entrada><entrada fecha="20171115"><horario hora="1100" plazas="150"/><horario hora="1200" plazas="150"/><horario hora="1300" plazas="150"/><horario hora="1400" plazas="150"/><horario hora="1500" plazas="150"/></entrada><entrada fecha="20171116"><horario hora="1100" plazas="150"/><horario hora="1200" plazas="150"/><horario hora="1300" plazas="150"/><horario hora="1400" plazas="150"/><horario hora="1500" plazas="150"/></entrada><entrada fecha="20171117"><horario hora="1100" plazas="150"/><horario hora="1200" plazas="150"/><horario hora="1300" plazas="150"/><horario hora="1400" plazas="150"/><horario hora="1500" plazas="150"/></entrada><entrada fecha="20171118"><horario hora="1000" plazas="180"/><horario hora="1100" plazas="180"/><horario hora="1200" plazas="180"/><horario hora="1300" plazas="180"/><horario hora="1400" plazas="180"/><horario hora="1500" plazas="180"/><horario hora="1600" plazas="180"/></entrada><entrada fecha="20171119"><horario hora="1000" plazas="180"/><horario hora="1100" plazas="180"/><horario hora="1200" plazas="180"/><horario hora="1300" plazas="180"/><horario hora="1400" plazas="180"/><horario hora="1500" plazas="180"/><horario hora="1600" plazas="180"/></entrada><entrada fecha="20171121"><horario hora="1100" plazas="150"/><horario hora="1200" plazas="150"/><horario hora="1300" plazas="150"/><horario hora="1400" plazas="150"/><horario hora="1500" plazas="150"/></entrada><entrada fecha="20171122"><horario hora="1100" plazas="150"/><horario hora="1200" plazas="150"/><horario hora="1300" plazas="150"/><horario hora="1400" plazas="150"/><horario hora="1500" plazas="150"/></entrada><entrada fecha="20171123"><horario hora="1100" plazas="150"/><horario hora="1200" plazas="150"/><horario hora="1300" plazas="150"/><horario hora="1400" plazas="150"/><horario hora="1500" plazas="150"/></entrada><entrada fecha="20171124"><horario hora="1100" plazas="150"/><horario hora="1200" plazas="150"/><horario hora="1300" plazas="150"/><horario hora="1400" plazas="150"/><horario hora="1500" plazas="150"/></entrada><entrada fecha="20171125"><horario hora="1000" plazas="180"/><horario hora="1100" plazas="180"/><horario hora="1200" plazas="180"/><horario hora="1300" plazas="180"/><horario hora="1400" plazas="180"/><horario hora="1500" plazas="180"/><horario hora="1600" plazas="180"/></entrada><entrada fecha="20171126"><horario hora="1000" plazas="180"/><horario hora="1100" plazas="180"/><horario hora="1200" plazas="180"/><horario hora="1300" plazas="180"/><horario hora="1400" plazas="180"/><horario hora="1500" plazas="180"/><horario hora="1600" plazas="180"/></entrada><entrada fecha="20171128"><horario hora="1100" plazas="150"/><horario hora="1200" plazas="150"/><horario hora="1300" plazas="150"/><horario hora="1400" plazas="150"/><horario hora="1500" plazas="150"/></entrada><entrada fecha="20171129"><horario hora="1100" plazas="150"/><horario hora="1200" plazas="150"/><horario hora="1300" plazas="150"/><horario hora="1400" plazas="150"/><horario hora="1500" plazas="150"/></entrada><entrada fecha="20171130"><horario hora="1100" plazas="150"/><horario hora="1200" plazas="150"/><horario hora="1300" plazas="150"/><horario hora="1400" plazas="150"/><horario hora="1500" plazas="150"/></entrada><entrada fecha="20171201"><horario hora="1100" plazas="150"/><horario hora="1200" plazas="150"/><horario hora="1300" plazas="150"/><horario hora="1400" plazas="150"/><horario hora="1500" plazas="150"/></entrada><entrada fecha="20171202"><horario hora="1000" plazas="180"/><horario hora="1100" plazas="180"/><horario hora="1200" plazas="180"/><horario hora="1300" plazas="180"/><horario hora="1400" plazas="180"/><horario hora="1500" plazas="180"/><horario hora="1600" plazas="180"/></entrada><entrada fecha="20171203"><horario hora="1000" plazas="180"/><horario hora="1100" plazas="180"/><horario hora="1200" plazas="180"/><horario hora="1300" plazas="180"/><horario hora="1400" plazas="180"/><horario hora="1500" plazas="180"/><horario hora="1600" plazas="180"/></entrada><entrada fecha="20171205"><horario hora="1100" plazas="150"/><horario hora="1200" plazas="150"/><horario hora="1300" plazas="150"/><horario hora="1400" plazas="150"/><horario hora="1500" plazas="150"/></entrada><entrada fecha="20171206"><horario hora="1100" plazas="150"/><horario hora="1200" plazas="150"/><horario hora="1300" plazas="150"/><horario hora="1400" plazas="150"/><horario hora="1500" plazas="150"/></entrada><entrada fecha="20171207"><horario hora="1100" plazas="150"/><horario hora="1200" plazas="150"/><horario hora="1300" plazas="150"/><horario hora="1400" plazas="150"/><horario hora="1500" plazas="150"/></entrada><entrada fecha="20171208"><horario hora="1100" plazas="150"/><horario hora="1200" plazas="150"/><horario hora="1300" plazas="150"/><horario hora="1400" plazas="150"/><horario hora="1500" plazas="150"/></entrada><entrada fecha="20171209"><horario hora="1000" plazas="180"/><horario hora="1100" plazas="180"/><horario hora="1200" plazas="180"/><horario hora="1300" plazas="180"/><horario hora="1400" plazas="180"/><horario hora="1500" plazas="180"/><horario hora="1600" plazas="180"/></entrada><entrada fecha="20171210"><horario hora="1000" plazas="180"/><horario hora="1100" plazas="180"/><horario hora="1200" plazas="180"/><horario hora="1300" plazas="180"/><horario hora="1400" plazas="180"/><horario hora="1500" plazas="180"/><horario hora="1600" plazas="180"/></entrada><entrada fecha="20171212"><horario hora="1100" plazas="150"/><horario hora="1200" plazas="150"/><horario hora="1300" plazas="150"/><horario hora="1400" plazas="150"/><horario hora="1500" plazas="150"/></entrada><entrada fecha="20171213"><horario hora="1100" plazas="150"/><horario hora="1200" plazas="150"/><horario hora="1300" plazas="150"/><horario hora="1400" plazas="150"/><horario hora="1500" plazas="150"/></entrada><entrada fecha="20171214"><horario hora="1100" plazas="150"/><horario hora="1200" plazas="150"/><horario hora="1300" plazas="150"/><horario hora="1400" plazas="150"/><horario hora="1500" plazas="150"/></entrada><entrada fecha="20171215"><horario hora="1100" plazas="150"/><horario hora="1200" plazas="150"/><horario hora="1300" plazas="150"/><horario hora="1400" plazas="150"/><horario hora="1500" plazas="150"/></entrada><entrada fecha="20171216"><horario hora="1000" plazas="180"/><horario hora="1100" plazas="180"/><horario hora="1200" plazas="180"/><horario hora="1300" plazas="180"/><horario hora="1400" plazas="180"/><horario hora="1500" plazas="180"/><horario hora="1600" plazas="180"/></entrada><entrada fecha="20171217"><horario hora="1000" plazas="180"/><horario hora="1100" plazas="180"/><horario hora="1200" plazas="180"/><horario hora="1300" plazas="180"/><horario hora="1400" plazas="180"/><horario hora="1500" plazas="180"/><horario hora="1600" plazas="180"/></entrada><entrada fecha="20171219"><horario hora="1100" plazas="150"/><horario hora="1200" plazas="150"/><horario hora="1300" plazas="150"/><horario hora="1400" plazas="150"/><horario hora="1500" plazas="150"/></entrada><entrada fecha="20171220"><horario hora="1100" plazas="150"/><horario hora="1200" plazas="150"/><horario hora="1300" plazas="150"/><horario hora="1400" plazas="150"/><horario hora="1500" plazas="150"/></entrada><entrada fecha="20171221"><horario hora="1100" plazas="150"/><horario hora="1200" plazas="150"/><horario hora="1300" plazas="150"/><horario hora="1400" plazas="150"/><horario hora="1500" plazas="150"/></entrada><entrada fecha="20171222"><horario hora="1100" plazas="150"/><horario hora="1200" plazas="150"/><horario hora="1300" plazas="150"/><horario hora="1400" plazas="150"/><horario hora="1500" plazas="150"/></entrada><entrada fecha="20171223"><horario hora="1000" plazas="180"/><horario hora="1100" plazas="180"/><horario hora="1200" plazas="180"/><horario hora="1300" plazas="180"/><horario hora="1400" plazas="180"/><horario hora="1500" plazas="180"/><horario hora="1600" plazas="180"/></entrada><entrada fecha="20171224"><horario hora="1000" plazas="180"/><horario hora="1100" plazas="180"/><horario hora="1200" plazas="180"/><horario hora="1300" plazas="180"/><horario hora="1400" plazas="180"/><horario hora="1500" plazas="180"/><horario hora="1600" plazas="180"/></entrada><entrada fecha="20171226"><horario hora="1100" plazas="150"/><horario hora="1200" plazas="150"/><horario hora="1300" plazas="150"/><horario hora="1400" plazas="150"/><horario hora="1500" plazas="150"/></entrada><entrada fecha="20171227"><horario hora="1100" plazas="150"/><horario hora="1200" plazas="150"/><horario hora="1300" plazas="150"/><horario hora="1400" plazas="150"/><horario hora="1500" plazas="150"/></entrada><entrada fecha="20171228"><horario hora="1100" plazas="150"/><horario hora="1200" plazas="150"/><horario hora="1300" plazas="150"/><horario hora="1400" plazas="150"/><horario hora="1500" plazas="150"/></entrada><entrada fecha="20171229"><horario hora="1100" plazas="150"/><horario hora="1200" plazas="150"/><horario hora="1300" plazas="150"/><horario hora="1400" plazas="150"/><horario hora="1500" plazas="150"/></entrada><entrada fecha="20171230"><horario hora="1000" plazas="180"/><horario hora="1100" plazas="180"/><horario hora="1200" plazas="180"/><horario hora="1300" plazas="180"/><horario hora="1400" plazas="180"/><horario hora="1500" plazas="180"/><horario hora="1600" plazas="180"/></entrada></entradas>
